{
  "linear": {
    "spatial_mf": 0.9861115814596153,
    "learned": 0.9795426188689758,
    "winner": "spatial MF"
  },
  "bilinear": {
    "spatial_mf": 0.9887477984771132,
    "learned": 0.9916941832992376,
    "winner": "tie"
  }
}