{
  "target": "bacteriochlorophyll_a",
  "target_snr_db": 10.0,
  "scenes": {
    "indian_pines": {
      "matched_filter_r": 0.9400244028103346,
      "unmixer_r": 0.9901076696729058
    },
    "salinas": {
      "matched_filter_r": 0.9304287209093681,
      "unmixer_r": 0.9912606722715904
    },
    "paviaU": {
      "matched_filter_r": 0.5751122512277812,
      "unmixer_r": 0.8960214210197757
    }
  }
}