{
  "target": "bacteriochlorophyll_a",
  "snr_db": 10.0,
  "scenes": {
    "indian_pines": {
      "matched_filter_r": 0.4347723604827142,
      "unmixer_r": 0.921787834715181
    },
    "salinas": {
      "matched_filter_r": 0.23621618381346923,
      "unmixer_r": 0.8592367776722521
    },
    "paviaU": {
      "matched_filter_r": 0.08946506909410001,
      "unmixer_r": 0.3021453821106251
    }
  }
}